iteration,started_at_epoch,ended_at_epoch,duration_seconds,cpu_request,cpu_limit,memory_request,memory_limit,heap_mib,gc_type,java_opts,throughput,response_time_ms,error_rate_pct,cpu_usage_cores,cpu_request_cores,cpu_limit_cores,memory_usage_mib,memory_request_mib,memory_limit_mib,acceptable,objective_score,rollout_status,test_status,notes
0,1773460844.0372078,1773461155.9662971,311.929,200m,300m,180Mi,300Mi,512,UseSerialGC,-Xms512m -Xmx512m -XX:+UseSerialGC,95.56080568181818,521.3493559180445,0.0,0.04824829751741732,0.2,0.3,229.28125,180.0,300.0,True,300180425.78855026,success,success,
1,1773461155.9668045,1773461510.4217346,354.455,50m,400m,384Mi,512Mi,128,UseSerialGC,-Xms128m -Xmx128m -XX:+UseSerialGC,97.42330181818183,514.7306428819609,0.0,0.05426524098308331,0.05,0.4,136.32421875,384.0,512.0,True,512384417.30734104,success,success,
2,1773461510.4222245,1773461864.797339,354.375,50m,500m,128Mi,512Mi,384,UseParallelGC,-Xms384m -Xmx384m -XX:+UseParallelGC,97.48266545454547,522.0496831698828,0.0,0.05287747598149684,0.05,0.5,194.390625,128.0,512.0,True,512128424.5670177,success,success,
3,1773461864.7978508,1773462219.3067346,354.509,50m,200m,128Mi,256Mi,128,UseG1GC,-Xms128m -Xmx128m -XX:+UseG1GC,96.87067098484846,528.4553465993444,0.0,0.05249990727767249,0.05,0.2,164.87890625,128.0,256.0,True,256128431.58467564,success,success,
4,1773462219.3072817,1773462573.7325087,354.425,50m,2000m,256Mi,512Mi,384,UseG1GC,-Xms384m -Xmx384m -XX:+UseG1GC,89.10909090909091,484.95156314822333,33.87036737380086,0.047344859884476065,0.05,2.0,276.1171875,256.0,512.0,False,inf,success,success,
5,1773462573.7330842,1773462928.2659187,354.533,650m,1800m,256Mi,256Mi,128,UseSerialGC,-Xms128m -Xmx128m -XX:+UseSerialGC,101.35652173913044,505.2024518310518,0.0,0.042923225034415126,0.65,1.8,123.25390625,256.0,256.0,True,256256403.8459301,success,success,
6,1773462928.2665544,1773463282.711957,354.445,550m,600m,256Mi,384Mi,256,UseSerialGC,-Xms256m -Xmx256m -XX:+UseSerialGC,93.1148300757576,523.750488363107,0.0,0.04235887404393495,0.55,0.6,159.953125,256.0,384.0,True,384256430.63565826,success,success,
7,1773463282.7125666,1773463637.1185753,354.406,650m,700m,128Mi,384Mi,128,UseParallelGC,-Xms128m -Xmx128m -XX:+UseParallelGC,92.93006643939394,533.0829281156264,0.0,0.04218892261001517,0.65,0.7,127.08203125,128.0,384.0,True,384128440.15286165,success,success,
8,1773463637.119255,1773463991.4623816,354.343,250m,400m,384Mi,384Mi,256,UseSerialGC,-Xms256m -Xmx256m -XX:+UseSerialGC,95.10668522727272,516.4364737287665,0.0,0.05210551863726736,0.25,0.4,160.796875,384.0,384.0,True,384384421.3297885,success,success,
9,1773463991.4631226,1773464345.8998559,354.437,850m,1500m,256Mi,256Mi,128,UseG1GC,-Xms128m -Xmx128m -XX:+UseG1GC,93.90975916666666,532.1326546094213,0.0,0.03854604269084254,0.85,1.5,161.90234375,256.0,256.0,True,256256438.22289544,success,success,
10,1773464345.900688,1773464988.059748,642.159,950m,1000m,384Mi,384Mi,128,UseG1GC,-Xms128m -Xmx128m -XX:+UseG1GC,,,,0.0016262958280657358,0.95,1.0,97.984375,384.0,384.0,False,inf,success,failed,JMeter failure: Command timed out after 600s: ./scripts/run_jmeter.sh
11,1773464988.0607188,1773465373.2849436,385.224,50m,300m,256Mi,512Mi,256,UseSerialGC,-Xms256m -Xmx256m -XX:+UseSerialGC,102.74782608695652,499.31828302141156,0.0,0.04930775526908123,0.05,0.3,161.5859375,256.0,512.0,True,512256396.5704569,success,success,
12,1773465373.2857683,1773465727.8017454,354.516,150m,800m,256Mi,384Mi,256,UseG1GC,-Xms256m -Xmx256m -XX:+UseG1GC,100.64347826086956,515.9015083568739,0.0,0.048676529384757035,0.15,0.8,237.83203125,256.0,384.0,True,384256415.25803006,success,success,
13,1773465727.8028543,1773466082.2573152,354.454,250m,1200m,256Mi,384Mi,128,UseG1GC,-Xms128m -Xmx128m -XX:+UseG1GC,94.39609500000002,517.7978208071501,0.0,0.04335771630001479,0.25,1.2,168.515625,256.0,384.0,True,384256423.4017258,success,success,
14,1773466082.258195,1773466435.7185805,353.46,150m,900m,256Mi,512Mi,384,UseG1GC,-Xms384m -Xmx384m -XX:+UseG1GC,97.39131340909091,513.5556551866597,0.0,0.04997245982311515,0.15,0.9,237.66015625,256.0,512.0,True,512256416.16434175,success,success,
15,1773466435.7195506,1773466790.186293,354.467,250m,800m,256Mi,384Mi,256,UseG1GC,-Xms256m -Xmx256m -XX:+UseG1GC,79.68164727272729,558.588769871146,23.73020608790643,0.041187970395266116,0.25,0.8,217.2578125,256.0,384.0,False,inf,success,success,
16,1773466790.187253,1773467143.468571,353.281,350m,1800m,384Mi,512Mi,128,UseSerialGC,-Xms128m -Xmx128m -XX:+UseSerialGC,97.20869565217392,534.5118883997807,0.0,0.04420598485474974,0.35,1.8,122.6328125,384.0,512.0,True,512384437.30319273,success,success,
17,1773467143.469583,1773467497.8826642,354.413,150m,200m,256Mi,384Mi,128,UseSerialGC,-Xms128m -Xmx128m -XX:+UseSerialGC,103.03478260869565,496.1835425135183,0.0,0.04568519101745547,0.15,0.2,123.77734375,256.0,384.0,True,384256393.1487599,success,success,
18,1773467497.8836756,1773467852.2900453,354.406,550m,1900m,256Mi,256Mi,128,UseG1GC,-Xms128m -Xmx128m -XX:+UseG1GC,97.00234090909092,494.3497223647495,0.0,0.043719868839020376,0.55,1.9,163.1640625,256.0,256.0,True,256256397.34738144,success,success,
19,1773467852.2910926,1773468206.6956782,354.405,250m,1500m,128Mi,384Mi,128,UseG1GC,-Xms128m -Xmx128m -XX:+UseG1GC,94.56554545454546,524.3309332759384,0.0,0.04126269147769483,0.25,1.5,163.07421875,128.0,384.0,True,384128429.76538783,success,success,
20,1773468206.696759,1773468560.09312,353.396,850m,1800m,384Mi,384Mi,256,UseG1GC,-Xms256m -Xmx256m -XX:+UseG1GC,96.54147893939393,522.1701608206331,0.0,0.044196984915361996,0.85,1.8,232.14453125,384.0,384.0,True,384384425.6286819,success,success,
21,1773468560.0943115,1773468914.4737704,354.379,550m,1300m,128Mi,256Mi,128,UseSerialGC,-Xms128m -Xmx128m -XX:+UseSerialGC,93.59638363636364,550.8629350169088,0.0,0.04012935356262803,0.55,1.3,123.0,128.0,256.0,True,256128457.26655138,success,success,
22,1773468914.4748862,1773469268.8136542,354.339,50m,200m,128Mi,256Mi,128,UseG1GC,-Xms128m -Xmx128m -XX:+UseG1GC,98.38181818181818,544.562868297615,0.0,0.03535719803369313,0.05,0.2,163.7421875,128.0,256.0,True,256128446.18105012,success,success,
23,1773469268.8148172,1773469623.1566253,354.342,150m,300m,384Mi,384Mi,256,UseG1GC,-Xms256m -Xmx256m -XX:+UseG1GC,101.71304347826086,510.3805074250874,0.0,0.05178482061851048,0.15,0.3,261.34375,384.0,384.0,True,384384408.66746396,success,success,
24,1773469623.1578321,1773469977.649412,354.492,850m,900m,128Mi,256Mi,128,UseG1GC,-Xms128m -Xmx128m -XX:+UseG1GC,95.44231696969698,507.53942688307325,0.0,0.040313628240396755,0.85,0.9,163.0234375,128.0,256.0,True,256128412.0971099,success,success,
25,1773469977.6506627,1773470332.1211324,354.47,150m,1100m,256Mi,384Mi,128,UseParallelGC,-Xms128m -Xmx128m -XX:+UseParallelGC,95.56322454545455,512.1663998505676,0.0,0.03871562136992652,0.15,1.1,127.44140625,256.0,384.0,True,384256416.6031753,success,success,
26,1773470332.122393,1773470687.4680781,355.346,50m,100m,256Mi,512Mi,384,UseSerialGC,-Xms384m -Xmx384m -XX:+UseSerialGC,100.99130434782607,514.8005744160379,0.0,0.03775329377356891,0.05,0.1,195.5703125,256.0,512.0,True,512256413.8092701,success,success,
27,1773470687.4693627,1773471042.0193772,354.55,850m,1000m,256Mi,512Mi,128,UseParallelGC,-Xms128m -Xmx128m -XX:+UseParallelGC,95.22148651515151,514.395057255156,0.0,0.038114860110398406,0.85,1.0,127.18359375,256.0,512.0,True,512256419.17357075,success,success,
28,1773471042.0207262,1773471396.466378,354.446,450m,600m,128Mi,512Mi,384,UseParallelGC,-Xms384m -Xmx384m -XX:+UseParallelGC,95.71899545454545,515.0690840393529,0.0,0.041336677184571756,0.45,0.6,196.81640625,128.0,512.0,True,512128419.3500886,success,success,
29,1773471396.467744,1773471750.9799306,354.512,50m,1600m,256Mi,256Mi,128,UseSerialGC,-Xms128m -Xmx128m -XX:+UseSerialGC,97.82438454545456,507.8129195502544,0.0,0.03950955312936398,0.05,1.6,123.0234375,256.0,256.0,True,256256409.98853502,success,success,
30,1773471750.9812992,1773472105.460274,354.479,50m,200m,128Mi,512Mi,128,UseG1GC,-Xms128m -Xmx128m -XX:+UseG1GC,96.2533193939394,523.0704380478757,0.0,0.05039154641859346,0.05,0.2,164.06640625,128.0,512.0,True,512128426.81711864,success,success,
31,1773472105.4617183,1773472459.9755454,354.514,150m,1600m,256Mi,512Mi,128,UseG1GC,-Xms128m -Xmx128m -XX:+UseG1GC,94.61800636363635,541.2408105331693,0.0,0.036954154811552405,0.15,1.6,163.125,256.0,512.0,True,512256446.62280416,success,success,
32,1773472459.9770947,1773472814.3042717,354.327,850m,1600m,256Mi,256Mi,128,UseSerialGC,-Xms128m -Xmx128m -XX:+UseSerialGC,96.90603492424239,529.9665551816724,0.0,0.04167885327750041,0.85,1.6,123.0,256.0,256.0,True,256256433.06052026,success,success,
33,1773472814.305745,1773473168.6757,354.37,350m,1800m,384Mi,512Mi,256,UseG1GC,-Xms256m -Xmx256m -XX:+UseG1GC,99.35454545454546,532.9575197348902,0.0,0.041346481421037466,0.35,1.8,211.7265625,384.0,512.0,True,512384433.60297424,success,success,
34,1773473168.6772697,1773473523.0560055,354.379,750m,1200m,512Mi,512Mi,128,UseSerialGC,-Xms128m -Xmx128m -XX:+UseSerialGC,97.76521739130433,534.5641712398419,0.17476550216248044,0.035956077975196524,0.75,1.2,122.234375,512.0,512.0,True,512512436.7989539,success,success,
35,1773473523.0577133,1773473877.5684364,354.511,150m,800m,128Mi,384Mi,128,UseG1GC,-Xms128m -Xmx128m -XX:+UseG1GC,97.04019727272727,493.689036620685,0.0,0.047758321726643585,0.15,0.8,163.62109375,128.0,384.0,True,384128396.64883935,success,success,
36,1773473877.570062,1773474231.9217017,354.352,50m,800m,128Mi,256Mi,128,UseSerialGC,-Xms128m -Xmx128m -XX:+UseSerialGC,94.13658545454545,525.2243513382033,0.0,0.04084529989157657,0.05,0.8,123.0390625,128.0,256.0,True,256128431.0877659,success,success,
37,1773474231.9233797,1773474586.2847934,354.361,150m,200m,128Mi,256Mi,128,UseG1GC,-Xms128m -Xmx128m -XX:+UseG1GC,95.78334401515153,516.8091823884547,0.0,0.043486701767378,0.15,0.2,163.45703125,128.0,256.0,True,256128421.02583838,success,success,
38,1773474586.2864878,1773474939.6947613,353.408,350m,1600m,256Mi,512Mi,384,UseG1GC,-Xms384m -Xmx384m -XX:+UseG1GC,96.0006321969697,527.7208724534465,0.0,0.04585580526094473,0.35,1.6,282.953125,256.0,512.0,True,512256431.72024024,success,success,
39,1773474939.69656,1773475294.1738815,354.477,750m,1900m,256Mi,256Mi,128,UseSerialGC,-Xms128m -Xmx128m -XX:+UseSerialGC,94.99680727272727,545.571001732848,0.0,0.040637233196483456,0.75,1.9,122.703125,256.0,256.0,True,256256450.57419446,success,success,
40,1773475294.175664,1773475648.5727046,354.397,50m,400m,512Mi,512Mi,256,UseParallelGC,-Xms256m -Xmx256m -XX:+UseParallelGC,96.15454545454546,561.3929686427989,0.11332514873925771,0.03925552715560359,0.05,0.4,161.97265625,512.0,512.0,True,512512465.2384232,success,success,
41,1773475648.574575,1773476002.981392,354.407,750m,1400m,128Mi,512Mi,384,UseG1GC,-Xms384m -Xmx384m -XX:+UseG1GC,97.65217391304347,537.3895294857005,0.0,0.04624100935090616,0.75,1.4,268.875,128.0,512.0,True,512128439.73735553,success,success,
42,1773476002.9833608,1773476357.3955789,354.412,50m,400m,384Mi,384Mi,256,UseSerialGC,-Xms256m -Xmx256m -XX:+UseSerialGC,99.19357954545455,486.0288477286388,0.0,0.046463194477505354,0.05,0.4,160.36328125,384.0,384.0,True,384384386.8352682,success,success,
43,1773476357.3974397,1773476710.7684195,353.371,350m,800m,256Mi,256Mi,128,UseParallelGC,-Xms128m -Xmx128m -XX:+UseParallelGC,95.0538896969697,527.524945722165,0.0,0.042241351478371054,0.35,0.8,127.41796875,256.0,256.0,True,256256432.47105604,success,success,
44,1773476710.7703316,1773477064.161546,353.391,250m,600m,128Mi,384Mi,128,UseParallelGC,-Xms128m -Xmx128m -XX:+UseParallelGC,96.61759545454545,537.2144215578244,0.0,0.039602206169465026,0.25,0.6,126.4921875,128.0,384.0,True,384128440.59682614,success,success,
45,1773477064.1634905,1773477417.5738368,353.41,150m,1800m,128Mi,256Mi,128,UseSerialGC,-Xms128m -Xmx128m -XX:+UseSerialGC,96.00472000000002,504.9828757549276,0.0,0.0400875131619087,0.15,1.8,122.3125,128.0,256.0,True,256128408.97815576,success,success,
46,1773477417.575861,1773477771.9614468,354.386,350m,600m,256Mi,384Mi,128,UseParallelGC,-Xms128m -Xmx128m -XX:+UseParallelGC,96.59181212121212,506.7382012911875,0.0,0.039837287355440065,0.35,0.6,126.43359375,256.0,384.0,True,384256410.1463892,success,success,
47,1773477771.9635143,1773478126.404191,354.441,50m,200m,128Mi,384Mi,256,UseParallelGC,-Xms256m -Xmx256m -XX:+UseParallelGC,97.6990575,505.2422282154924,0.0,0.052257662097643626,0.05,0.2,162.25390625,128.0,384.0,True,384128407.5431707,success,success,
48,1773478126.4063067,1773478479.700598,353.294,450m,1500m,384Mi,384Mi,256,UseSerialGC,-Xms256m -Xmx256m -XX:+UseSerialGC,90.99104053030304,574.0353101343185,0.0,0.04361851423885491,0.45,1.5,160.875,384.0,384.0,True,384384483.0442696,success,success,
49,1773478479.702695,1773478834.159405,354.457,250m,700m,128Mi,256Mi,128,UseG1GC,-Xms128m -Xmx128m -XX:+UseG1GC,100.11749090909089,505.278592992304,0.0,0.04281740768790293,0.25,0.7,163.42578125,128.0,256.0,True,256128405.1611021,success,success,
50,1773478834.1617975,1773479187.5972512,353.435,50m,1100m,256Mi,256Mi,128,UseSerialGC,-Xms128m -Xmx128m -XX:+UseSerialGC,100.13043478260869,522.7542201226784,0.0,0.04183664312668996,0.05,1.1,122.7734375,256.0,256.0,True,256256422.62378535,success,success,
